{"offline_id": "1b36372533cf43c2a1886bd8ddff6a8d", "project_name": "yolov5", "start_time": 1694259649565, "stop_time": 1694259655669, "tags": [], "workspace": null, "resume_strategy": "create", "customer_error_reported": true, "customer_error_message": "Unexpected error detected in the user script: AssertionError('\\x1b[34m\\x1b[1mtrain: \\x1b[0mNo labels found in /home/tae/dev_ws/kudos12_2023/yolo_setting/yolov5_new/data/train/img.cache, can not start training. See https://docs.ultralytics.com/yolov5/tutorials/train_custom_data')"}