{"offline_id": "9605595d00e54b8ab6b5335afb6a14e1", "project_name": "yolov5", "start_time": 1694261364398, "stop_time": 1694261376558, "tags": [], "workspace": null, "resume_strategy": "create", "customer_error_reported": true, "customer_error_message": "Unexpected error detected in the user script: Exception('\\x1b[34m\\x1b[1mtrain: \\x1b[0mError loading data from /home/tae/dev_ws/kudos12_2023/yolo_setting/yolov5_new/data/train/img: \\x1b[34m\\x1b[1mtrain: \\x1b[0m/home/tae/dev_ws/kudos12_2023/yolo_setting/yolov5_new/data/train/img does not exist\\nSee https://docs.ultralytics.com/yolov5/tutorials/train_custom_data')"}