{"offline_id": "8a30621bbc4d48eaa677693d61654fb6", "project_name": "yolov5", "start_time": 1694261943963, "stop_time": 1694261951091, "tags": [], "workspace": null, "resume_strategy": "create", "customer_error_reported": true, "customer_error_message": "Unexpected error detected in the user script: Exception('\\x1b[34m\\x1b[1mtrain: \\x1b[0mError loading data from /home/tae/dev_ws/kudos12_2023/yolo_setting/yolov5_new/data/train/img: \\x1b[34m\\x1b[1mtrain: \\x1b[0m/home/tae/dev_ws/kudos12_2023/yolo_setting/yolov5_new/data/train/img does not exist\\nSee https://docs.ultralytics.com/yolov5/tutorials/train_custom_data')"}